<configuration>

	<appender name="STDOUT" class="ch.qos.logback.core.ConsoleAppender">
		<!-- encoders are assigned the type ch.qos.logback.classic.encoder.PatternLayoutEncoder 
			by default -->
		<encoder>
			<pattern>%d{HH:mm:ss.SSS} [%thread] %-5level %logger{36} - %msg%n
			</pattern>
		</encoder>
	</appender>

	<appender name="FILE" class="ch.qos.logback.core.FileAppender">
		<file>app.log</file>

		<encoder>
			<pattern>%date %level [%thread] %logger{10} [%file:%line] %msg%n
			</pattern>
		</encoder>
	</appender>

	<logger name="com.apress" level="DEBUG" additivity="false">
		<appender-ref ref="STDOUT" />
		<appender-ref ref="FILE" />
	</logger>

	<root level="INFO">
		<appender-ref ref="STDOUT" />
		<appender-ref ref="FILE" />
	</root>
</configuration>